City,Cloudiness,Country,Date,Humidity,Lat,Lng,Max Temp,Wind Speed
lompoc,1,US,1541820900,40,34.64,-120.46,18.3,2.36
barrow,48,AR,1541822536,80,-38.31,-60.23,20.78,4.31
jamestown,0,AU,1541821762,31,-33.21,138.6,24.98,2.78
requena,20,ES,1541820600,62,39.49,-1.1,15.0,5.7
roald,0,NO,1541820000,100,62.58,6.12,10.0,7.2
sioux lookout,5,CA,1541818800,91,50.1,-91.92,-14.0,2.71
upington,0,ZA,1541818800,18,-28.46,21.24,17.0,3.63
mishan,88,CN,1541822883,88,45.55,131.88,2.48,6.53
ushuaia,75,AR,1541818800,80,-54.81,-68.31,5.0,11.8
hilo,20,US,1541818560,76,19.71,-155.08,27.2,3.1
albany,90,US,1541822040,88,42.65,-73.75,6.1,2.6
punta arenas,20,CL,1541818800,80,-53.16,-70.91,5.0,6.2
busselton,0,AU,1541822623,74,-33.64,115.35,22.68,7.86
ramanuj ganj,0,IN,1541822884,79,23.81,83.7,19.75,2.38
lata,0,IN,1541822672,70,30.78,78.62,7.85,0.93
bluff,0,AU,1541822631,29,-23.58,149.07,31.93,4.21
nikolskoye,90,RU,1541818800,93,59.7,30.79,3.0,4.0
kahului,40,US,1541818560,74,20.89,-156.47,28.3,6.2
abonnema,36,NG,1541822885,96,4.71,6.79,22.45,1.38
kiunga,12,PG,1541822886,72,-6.12,141.3,30.75,1.28
souillac,75,FR,1541820600,93,45.6,-0.6,11.0,8.7
lagoa,40,PT,1541818800,88,37.14,-8.45,17.0,4.1
kyren,0,RU,1541822886,67,51.68,102.13,-9.28,0.88
vaini,0,IN,1541822636,50,15.34,74.49,25.95,1.68
tazovskiy,32,RU,1541822610,64,67.47,78.7,-22.3,6.11
matamoros,90,US,1541821980,100,25.87,-97.51,12.8,7.7
wanning,75,AT,1541820000,93,48.64,13.53,9.0,1.5
bethel,40,US,1541818380,95,60.79,-161.76,0.0,5.7
pedernales,100,EC,1541822888,91,0.07,-80.05,22.53,2.51
mahebourg,40,MU,1541818800,78,-20.41,57.7,25.0,5.1
rikitea,0,PF,1541822624,100,-23.12,-134.97,21.6,7.01
tamandare,20,BR,1541822888,96,-8.28,-70.75,24.18,1.06
popesti-leordeni,0,RO,1541820600,100,44.38,26.17,2.0,1.26
vanimo,12,PG,1541822889,100,-2.67,141.3,27.85,3.16
thompson,90,CA,1541818800,78,55.74,-97.86,-13.0,3.1
dali,0,CN,1541822889,84,25.6,100.24,13.48,0.98
arraial do cabo,92,BR,1541822053,100,-22.97,-42.02,21.2,8.88
mataura,68,NZ,1541822628,69,-46.19,168.86,12.85,2.78
alice springs,0,AU,1541820600,13,-23.7,133.88,28.0,5.7
chincha alta,0,PE,1541818800,82,-13.42,-76.13,18.0,6.2
goderich,88,CA,1541822890,100,43.74,-81.71,2.33,11.43
chuy,0,UY,1541822573,70,-33.69,-53.46,22.73,7.11
prainha,88,BR,1541822891,60,-1.8,-53.48,29.7,2.36
kavaratti,8,IN,1541822891,100,10.57,72.64,29.2,1.81
castro,76,CL,1541822028,93,-42.48,-73.76,8.75,0.43
provideniya,24,RU,1541822630,100,64.42,-173.23,3.2,8.68
kapaa,75,US,1541818560,79,22.08,-159.32,24.4,4.6
dingle,68,PH,1541822150,72,11.0,122.67,28.98,6.66
new norfolk,75,AU,1541820600,34,-42.78,147.06,19.0,4.1
cape town,0,ZA,1541818800,82,-33.93,18.42,15.0,6.2
balasheyka,32,RU,1541822893,90,53.28,48.09,-4.05,2.46
tuktoyaktuk,90,CA,1541818800,92,69.44,-133.03,-8.0,3.1
carnarvon,24,ZA,1541822040,21,-30.97,22.13,7.25,1.61
kaitangata,88,NZ,1541822669,79,-46.28,169.85,12.35,1.26
maxixe,20,MZ,1541822894,100,-23.86,35.35,19.6,4.28
shasta lake,1,US,1541820900,34,40.68,-122.36,12.8,1.5
moron,40,VE,1541818800,94,10.49,-68.2,23.0,1.5
port elizabeth,90,US,1541821140,100,39.31,-74.98,13.3,2.6
ketchikan,90,US,1541818380,89,55.34,-131.65,8.3,3.6
port hedland,0,AU,1541820600,44,-20.31,118.58,34.0,5.7
walcourt,92,BE,1541821020,71,50.25,4.43,13.0,8.2
morant bay,20,JM,1541822400,74,17.88,-76.41,27.0,3.6
saint anthony,75,US,1541818560,47,43.97,-111.68,1.1,2.6
bathsheba,75,BB,1541818800,94,13.22,-59.52,24.0,5.1
bambous virieux,40,MU,1541818800,78,-20.34,57.76,25.0,5.1
saskylakh,88,RU,1541822679,58,71.97,114.09,-21.3,3.41
agadir,40,MA,1541818800,87,30.42,-9.58,12.0,1.0
meulaboh,64,ID,1541822103,100,4.14,96.13,26.23,3.71
benghazi,80,LY,1541822897,100,32.12,20.07,20.2,2.41
georgetown,0,GY,1541818800,94,6.8,-58.16,25.0,1.0
torbay,90,CA,1541818800,86,47.66,-52.73,1.0,5.7
atuona,0,PF,1541822632,100,-9.8,-139.03,26.75,4.18
mount gambier,76,AU,1541821512,85,-37.83,140.78,16.5,1.61
sao filipe,88,CV,1541822156,93,14.9,-24.5,25.98,7.96
gornopravdinsk,8,RU,1541822898,78,60.06,69.92,-18.03,2.63
volokonovka,80,RU,1541822899,92,50.48,37.87,-2.83,1.33
cabo san lucas,40,MX,1541818020,83,22.89,-109.91,25.0,1.23
bow island,90,CA,1541818800,89,49.87,-111.38,0.0,4.1
qaanaaq,0,GL,1541822651,100,77.48,-69.36,-23.38,1.38
jalu,8,LY,1541822732,87,29.03,21.55,11.85,1.11
visby,80,SE,1541820000,100,57.64,18.3,7.0,2.6
chapais,90,CA,1541818800,85,49.78,-74.86,-4.0,6.7
turayf,92,SA,1541818800,100,31.68,38.65,11.0,6.2
iqaluit,90,CA,1541818800,85,63.75,-68.52,-10.0,2.6
tasiilaq,0,GL,1541818200,98,65.61,-37.64,0.0,2.1
hithadhoo,76,MV,1541822627,99,-0.6,73.08,28.98,9.71
hermanus,12,ZA,1541822623,96,-34.42,19.24,8.95,1.88
fuerte olimpo,0,BR,1541822901,73,-21.04,-57.87,25.53,4.58
suntar,68,RU,1541822641,58,62.16,117.65,-4.38,3.31
kruisfontein,44,ZA,1541822902,83,-34.0,24.73,14.38,3.93
lapa,75,BR,1541818800,93,-25.77,-49.72,16.0,3.1
bago,40,MM,1541820600,59,17.34,96.48,32.0,5.1
vinh,92,VN,1541822903,100,18.67,105.69,22.75,2.33
cabedelo,40,BR,1541818800,83,-6.97,-34.84,25.0,3.6
sabha,48,LY,1541822903,64,27.03,14.43,12.2,3.31
urbana,90,US,1541820900,67,40.11,-88.21,-1.6,11.8
bredasdorp,12,ZA,1541818800,82,-34.53,20.04,17.0,3.6
adrar,0,DZ,1541818800,33,27.87,-0.29,15.0,3.6
hobart,75,AU,1541820600,34,-42.88,147.33,19.0,4.1
san jeronimo,100,PE,1541822905,99,-13.65,-73.37,7.6,0.56
sitka,0,US,1541822736,65,37.17,-99.65,-5.55,3.73
cherskiy,88,RU,1541822690,90,68.75,161.3,-16.68,1.71
dustlik,80,UZ,1541822905,96,40.53,68.03,1.25,1.81
talakan,92,RU,1541822906,85,50.29,130.28,1.23,2.73
dikson,68,RU,1541822657,100,73.51,80.55,-9.78,7.11
mar del plata,48,AR,1541822651,98,-46.43,-67.52,8.68,4.58
nanortalik,76,GL,1541822147,90,60.14,-45.24,-0.23,3.91
butaritari,44,KI,1541822640,100,3.07,172.79,28.35,0.46
broome,92,GB,1541821200,100,52.47,1.45,11.0,7.2
hasaki,75,JP,1541818800,82,35.73,140.83,21.0,1.5
ossora,12,RU,1541822626,100,59.24,163.07,-4.5,7.06
sorland,76,NO,1541822907,100,67.67,12.69,8.7,6.98
sulangan,56,PH,1541822908,99,11.14,123.72,28.68,8.88
podporozhye,88,RU,1541822908,100,60.91,34.16,0.73,2.68
beloha,20,MG,1541822908,75,-25.17,45.06,18.0,3.68
camacha,20,PT,1541820600,77,33.08,-16.33,18.0,3.6
san patricio,0,PY,1541822658,76,-26.98,-56.83,21.95,1.58
naze,12,NG,1541822141,96,5.43,7.07,22.98,1.81
chikwawa,12,MW,1541822909,85,-16.03,34.79,17.25,2.41
marsaxlokk,40,MT,1541821500,77,35.84,14.54,16.0,2.1
jardim,0,BR,1541822694,76,-21.48,-56.15,23.53,4.61
dunedin,92,NZ,1541822707,91,-45.87,170.5,9.63,2.93
ilulissat,8,GL,1541818200,72,69.22,-51.1,-10.0,3.6
codrington,20,AU,1541822686,71,-28.95,153.24,23.43,1.66
ostrovnoy,0,RU,1541822670,93,68.05,39.51,-8.65,5.43
tuatapere,36,NZ,1541822742,88,-46.13,167.69,12.03,3.08
bandarbeyla,92,SO,1541822765,100,9.49,50.81,27.85,4.16
port alfred,0,ZA,1541822028,91,-33.59,26.89,17.95,5.56
conceicao do araguaia,48,BR,1541822911,96,-8.26,-49.26,23.83,1.33
fortuna,0,ES,1541820600,58,38.18,-1.13,15.0,4.1
hobyo,36,SO,1541822126,91,5.35,48.53,25.0,0.88
indramayu,80,ID,1541822912,95,-4.05,103.78,24.95,1.11
lima,68,PE,1541822912,76,-12.06,-77.04,15.98,1.11
beyneu,24,KZ,1541822912,65,45.32,55.19,-4.68,1.28
halifax,90,CA,1541818800,100,44.65,-63.58,3.0,4.1
natal,40,BR,1541818800,69,-5.81,-35.21,27.0,6.2
leningradskiy,80,RU,1541822070,95,69.38,178.42,-4.53,9.13
portland,90,US,1541822160,76,45.52,-122.67,9.4,0.66
galle,75,US,1541822160,60,29.74,-97.91,11.7,7.41
san quintin,20,PH,1541818800,52,17.54,120.52,31.0,3.1
haines junction,64,CA,1541822142,100,60.75,-137.51,-11.78,0.56
teguise,0,ES,1541820600,77,29.06,-13.56,18.0,2.6
praia da vitoria,20,PT,1541818800,88,38.73,-27.07,18.0,11.16
acajutla,36,SV,1541822914,95,13.59,-89.83,24.18,1.03
phan thiet,0,VN,1541822915,81,10.93,108.1,29.5,6.86
ponta do sol,100,BR,1541822073,98,-20.63,-46.0,16.63,4.28
kamalia,24,PK,1541822915,89,30.73,72.64,16.7,1.23
cayenne,40,GF,1541820600,88,4.94,-52.33,24.0,4.28
chuzhou,0,CN,1541818800,72,32.25,118.33,16.0,4.0
yellowknife,90,CA,1541818800,85,62.45,-114.38,-11.0,7.2
airai,48,TL,1541822745,52,-8.93,125.41,30.1,0.68
komsomolskiy,80,RU,1541822630,83,67.55,63.78,-8.08,4.61
ribeira grande,12,PT,1541822043,94,38.52,-28.7,20.5,8.81
bonavista,20,CA,1541822775,100,48.65,-53.11,2.75,9.41
tiksi,44,RU,1541822661,50,71.64,128.87,-22.78,2.01
ahipara,0,NZ,1541822760,79,-35.17,173.16,16.93,6.86
usogorsk,64,RU,1541822917,81,63.43,48.71,-9.15,1.51
bulgan,0,MN,1541822780,44,48.81,103.53,-0.65,3.16
belyy yar,0,RU,1541820600,52,53.6,91.39,-9.0,2.0
statesboro,90,US,1541821320,96,32.45,-81.78,22.2,2.78
pevek,64,RU,1541822044,97,69.7,170.27,-10.55,3.46
broken hill,0,AU,1541822622,41,-31.97,141.45,26.0,2.06
axim,8,GH,1541822919,100,4.87,-2.24,27.33,2.93
ambon,75,FR,1541820600,93,47.55,-2.56,14.0,6.2
black diamond,90,CA,1541821800,85,50.69,-114.23,2.0,6.7
ancud,48,CL,1541822920,92,-41.87,-73.83,7.45,1.23
dondo,40,MZ,1541818800,73,-19.62,34.74,22.0,1.5
kungsbacka,75,SE,1541820000,100,57.49,12.08,7.0,4.6
saldanha,92,PT,1541822097,97,41.42,-6.55,11.88,7.53
toyooka,20,JP,1541818800,39,35.55,134.82,19.0,5.1
puri,20,ID,1541820600,55,-7.54,112.45,33.0,4.1
emerald,0,AU,1541822679,33,-23.53,148.16,31.83,3.91
akureyri,90,IS,1541818800,81,65.68,-18.09,6.0,1.5
isangel,88,VU,1541822719,99,-19.55,169.27,25.08,7.06
grand baie,40,MU,1541818800,78,-20.02,57.58,25.0,5.1
bilibino,80,RU,1541822664,81,68.06,166.44,-20.8,1.33
itarema,36,BR,1541822922,86,-2.92,-39.92,25.63,6.53
guerrero negro,0,MX,1541821466,64,27.97,-114.04,19.73,4.71
shelburne,90,CA,1541819880,100,44.08,-80.2,3.0,4.1
boende,76,CD,1541822690,95,-0.28,20.88,22.5,1.01
verkhnevilyuysk,44,RU,1541822923,66,63.45,120.31,-7.58,3.71
saint-raphael,76,HT,1541822924,98,19.43,-72.2,20.23,0.83
brits,0,ZA,1541818800,67,-25.63,27.78,14.0,3.1
port pirie,0,AU,1541818800,27,-33.18,138.01,24.0,4.1
port-gentil,48,GA,1541822925,100,-0.72,8.78,24.98,3.03
umm lajj,0,SA,1541822693,100,25.02,37.27,18.03,1.81
uhlove,88,UA,1541822925,100,44.82,33.6,8.13,1.71
inhumas,90,BR,1541818800,94,-16.36,-49.5,21.0,2.1
conceicao da barra,100,BR,1541822926,100,-18.59,-39.73,23.6,4.48
sangar,0,RU,1541822926,63,63.92,127.47,-11.25,5.73
prince rupert,90,CA,1541822340,87,54.32,-130.32,9.0,4.1
sitrah,20,BH,1541822400,83,26.15,50.62,24.0,1.0
nara,20,JP,1541822400,26,34.68,135.8,21.0,6.7
cabinda,88,AO,1541822927,100,-5.56,12.19,23.78,4.86
norman wells,90,CA,1541818800,85,65.28,-126.83,-10.0,6.2
sinnamary,12,GF,1541822927,92,5.38,-52.96,27.75,6.18
nome,1,US,1541821980,79,30.04,-94.42,10.6,4.1
puerto ayora,20,EC,1541822626,100,-0.74,-90.35,22.1,4.98
pervomayskoye,44,RU,1541822928,84,57.07,86.23,-17.48,4.16
ossipee,75,US,1541822400,92,36.17,-79.51,10.0,2.1
oyama,75,JP,1541818800,73,36.31,139.8,21.0,4.1
port shepstone,0,ZA,1541822929,90,-30.74,30.45,17.75,6.76
vanderhoof,92,CA,1541822822,77,54.02,-124.02,2.08,2.58
baruun-urt,64,MN,1541822930,50,46.68,113.28,-2.0,2.41
zhezkazgan,90,KZ,1541820600,85,47.8,67.71,-9.0,7.0
havre-saint-pierre,40,CA,1541818800,79,50.23,-63.6,-2.0,1.5
cidreira,12,BR,1541822674,75,-30.17,-50.22,21.63,5.66
touros,76,BR,1541822710,91,-5.2,-35.46,25.73,7.33
chokurdakh,12,RU,1541822077,63,70.62,147.9,-25.13,5.56
sungaipenuh,12,ID,1541822931,80,-2.08,101.38,24.48,0.36
college,90,US,1541820660,92,64.86,-147.8,-8.9,1.56
nishihara,1,JP,1541822400,57,35.74,139.53,22.2,5.1
warud,0,IN,1541822932,49,21.47,78.27,21.73,2.56
lichinga,75,MZ,1541822400,87,-13.3,35.25,14.0,5.1
orotukan,8,RU,1541822932,97,62.26,151.67,-27.33,1.03
yumen,0,CN,1541822932,53,40.29,97.04,1.68,1.91
cockburn town,64,TC,1541821467,96,21.46,-71.14,28.25,5.83
lusambo,24,CD,1541822933,99,-4.97,23.44,20.45,0.93
oksfjord,12,NO,1541818200,100,70.24,22.35,4.0,9.8
bubaque,0,GW,1541822660,97,11.28,-15.83,30.0,4.06
chabahar,0,IR,1541822933,100,25.29,60.65,24.88,2.78
longyearbyen,75,NO,1541818200,89,78.22,15.63,0.0,4.1
aswan,0,EG,1541822542,95,24.09,32.9,11.85,2.06
morondava,0,MG,1541822934,94,-20.3,44.28,21.68,0.66
makakilo city,75,US,1541820960,88,21.35,-158.09,27.8,2.1
kuytun,88,RU,1541822935,86,54.34,101.51,-3.63,2.73
fonte boa,88,BR,1541822935,98,-2.51,-66.09,24.6,1.21
hazaribag,0,IN,1541822935,63,23.98,85.35,19.75,1.73
upernavik,8,GL,1541822635,100,72.79,-56.15,-8.5,7.08
saint george,20,GR,1541820000,93,39.45,22.34,9.0,2.6
paita,0,PE,1541822936,81,-5.09,-81.11,20.7,3.01
east london,0,ZA,1541818800,77,-33.02,27.91,15.0,3.1
saint-pierre,90,FR,1541820600,93,48.95,4.24,14.0,9.3
matara,100,PE,1541822937,99,-13.74,-72.9,7.6,0.56
hami,0,CN,1541822713,65,42.84,93.51,2.95,3.06
kochinda,0,IN,1541822938,57,21.73,84.35,23.48,1.88
faanui,8,PF,1541822708,100,-16.48,-151.75,27.33,9.66
waingapu,0,ID,1541822752,93,-9.65,120.26,29.38,2.18
mackay,90,CA,1541820720,69,53.65,-115.58,2.0,4.6
tarnogskiy gorodok,92,RU,1541822939,94,60.5,43.58,-2.98,1.68
zhumadian,80,CN,1541822939,70,33.01,114.02,14.43,2.26
garissa,20,KE,1541822664,86,-0.46,39.64,23.6,3.38
khatanga,68,RU,1541822662,71,71.98,102.47,-31.0,5.83
tikhvin,92,RU,1541822940,98,59.64,33.53,1.33,2.28
allapalli,0,IN,1541822940,57,19.43,80.06,26.2,1.96
havoysund,0,NO,1541818200,80,71.0,24.66,4.0,10.8
bara,0,NG,1541822941,31,10.41,10.6,17.48,2.86
netivot,92,IL,1541822889,91,31.42,34.59,11.85,1.56
chalons-en-champagne,90,FR,1541820600,93,48.95,4.37,14.0,9.3
chililabombwe,68,ZM,1541822942,72,-12.37,27.84,17.98,3.86
fomboni,32,KM,1541822942,100,-12.28,43.74,26.38,9.48
lebu,48,ET,1541822648,93,8.96,38.73,8.83,1.11
yarmouth,80,GB,1541818200,93,50.71,-1.5,10.0,3.1
nuuk,0,GL,1541818200,67,64.17,-51.74,-5.0,4.6
esperance,20,TT,1541818800,88,10.24,-61.45,26.0,2.18
rawson,92,AR,1541822778,93,-43.3,-65.11,12.23,5.08
issaquah,75,US,1541822160,88,47.53,-122.04,5.6,0.13
houma,68,CN,1541822944,74,35.63,111.36,9.6,2.26
ucluelet,20,CA,1541822661,99,48.94,-125.55,3.08,0.11
shawnee,1,US,1541821920,59,35.33,-96.93,2.0,4.1
ridgecrest,1,US,1541818560,7,35.62,-117.67,11.1,4.1
nalut,80,LY,1541822945,66,31.86,10.98,10.95,2.16
kloulklubed,75,PW,1541821800,88,7.04,134.26,27.0,1.5
shimoda,75,JP,1541818800,83,34.7,138.93,21.0,3.6
luderitz,0,NA,1541818800,100,-26.65,15.16,11.0,1.0
santiago del estero,0,AR,1541822946,45,-27.8,-64.26,30.85,7.46
mizan teferi,92,ET,1541822946,94,6.99,35.58,16.28,1.11
waipawa,76,NZ,1541822946,67,-39.94,176.59,13.48,4.13
kavieng,64,PG,1541822705,100,-2.57,150.8,29.68,4.86
xining,32,CN,1541822947,81,36.62,101.77,-0.53,1.11
mujiayingzi,12,CN,1541822947,56,42.12,118.78,4.33,1.73
avarua,90,CK,1541818800,78,-21.21,-159.78,25.0,5.7
palu,92,ID,1541822948,98,-0.9,119.87,20.93,0.61
maceio,20,BR,1541818800,94,-9.67,-35.74,23.0,2.6
hambantota,56,LK,1541822681,100,6.12,81.12,26.33,2.73
cantanhede,24,BR,1541822949,58,-3.64,-44.38,29.88,6.28
vao,92,EE,1541822121,100,59.1,26.19,3.28,3.63
caravelas,100,BR,1541822068,100,-17.73,-39.27,24.98,6.61
mwene-ditu,8,CD,1541822949,93,-7.01,23.45,18.23,0.93
elizabeth city,90,US,1541822160,96,36.3,-76.22,17.5,2.1
saint-philippe,90,CA,1541822100,94,45.36,-73.48,2.8,4.1
bezhetsk,92,RU,1541822950,97,57.78,36.69,0.58,2.58
luanda,75,AO,1541818800,94,-8.83,13.24,25.0,1.5
karasjok,88,NO,1541820000,86,69.47,25.52,3.0,12.3
mount isa,0,AU,1541820600,11,-20.73,139.49,35.0,3.1
korhogo,48,CI,1541822951,80,9.46,-5.63,23.33,1.26
okhotsk,20,RU,1541822951,100,59.36,143.24,-14.48,2.63
palmer,0,AU,1541820600,35,-34.85,139.16,22.0,5.7
zunyi,88,CN,1541822952,100,27.73,106.92,11.2,1.88
kutum,0,SD,1541822952,47,14.2,24.66,7.68,2.23
talnakh,0,RU,1541822712,63,69.49,88.39,-37.13,1.38
namibe,0,AO,1541822637,100,-15.19,12.15,21.48,1.33
coquimbo,20,CL,1541818800,93,-29.95,-71.34,13.0,1.5
rafraf,75,TN,1541820600,71,37.19,10.18,14.0,4.6
yablonovo,90,RU,1541820600,92,50.85,37.36,0.0,1.0
buenos aires,0,AR,1541818800,57,-34.61,-58.44,27.0,2.6
geraldton,90,CA,1541818800,78,49.72,-86.95,-11.0,5.1
aklavik,90,CA,1541820840,85,68.22,-135.01,-10.0,2.1
rehoboth,0,NA,1541822955,72,-23.31,17.08,7.73,1.06
kayankulam,32,IN,1541822955,100,9.18,76.5,26.85,3.93
price,1,US,1541821980,45,39.6,-110.81,-3.3,4.1
auki,0,NG,1541822956,37,12.18,6.51,15.75,2.63
inuvik,90,CA,1541820840,85,68.36,-133.71,-10.0,2.1
marinette,90,US,1541822160,74,45.1,-87.63,-5.6,6.2
den helder,75,NL,1541820300,87,52.96,4.76,12.0,7.2
russell,20,AR,1541818800,44,-33.01,-68.8,26.0,1.5
snezhnogorsk,75,RU,1541820600,63,69.19,33.23,-2.0,3.0
augusto correa,8,BR,1541822957,77,-1.02,-46.63,26.88,3.93
svarstad,92,NO,1541820000,100,59.4,9.97,8.0,3.6
nouadhibou,20,MR,1541818800,72,20.93,-17.03,20.0,7.2
pisco,0,PE,1541818800,82,-13.71,-76.2,18.0,6.2
mouila,68,GA,1541822958,99,-1.86,11.06,21.5,1.03
itaituba,0,BR,1541822958,92,-4.26,-55.99,24.75,0.93
pacific grove,1,US,1541820900,27,36.62,-121.92,15.6,1.23
harstad,88,NO,1541820000,100,68.8,16.53,6.0,5.1
northam,92,GB,1541818200,81,51.04,-4.21,11.0,7.2
luau,76,CD,1541822959,94,-10.7,22.23,16.98,1.03
yar-sale,68,RU,1541822734,85,66.83,70.83,-13.65,5.86
hamilton,75,CA,1541818800,93,43.26,-79.87,5.0,6.2
yulara,56,AU,1541818800,14,-25.24,130.99,31.0,3.6
ligayan,44,PH,1541822960,97,4.65,119.47,30.0,1.68
buala,76,SB,1541822960,94,-8.15,159.59,27.73,3.13
hofn,92,IS,1541822727,97,64.25,-15.21,7.08,13.86
pishin,44,PK,1541822961,78,30.58,67.0,2.23,0.81
mehriz,75,IR,1541820600,46,31.58,54.44,12.0,1.0
henties bay,0,NA,1541822962,100,-22.12,14.28,14.28,1.21
thinadhoo,24,MV,1541822962,98,0.53,72.93,29.1,8.08
san rafael,0,AR,1541822963,52,-34.61,-68.33,17.33,1.78
prestea,8,GH,1541822964,95,5.43,-2.14,22.7,1.06
cotofenii din dos,0,RO,1541820600,88,44.43,23.62,1.0,1.5
nabire,68,ID,1541822692,94,-3.36,135.5,24.43,1.16
ardakan,75,IR,1541820600,46,32.31,54.02,12.0,1.0
husavik,0,CA,1541822965,100,50.56,-96.99,-11.18,3.06
flinders,40,AU,1541818800,43,-34.58,150.85,22.0,4.6
ulverstone,68,AU,1541822965,78,-41.16,146.17,13.93,3.98
ocos,40,GT,1541821200,88,14.51,-92.19,26.0,2.13
araouane,44,ML,1541822966,32,18.9,-3.53,18.48,3.13
placido de castro,48,BR,1541822966,81,-10.34,-67.19,26.93,1.51
manokwari,44,ID,1541822966,100,-0.87,134.08,27.23,3.46
lakes entrance,0,AU,1541822967,71,-37.88,147.99,18.43,2.58
coihaique,0,CL,1541818800,87,-45.58,-72.07,8.0,2.1
katsuura,20,JP,1541818800,49,33.93,134.5,20.0,7.7
antsohihy,12,MG,1541822968,81,-14.88,47.99,24.53,2.46
araceli,64,PH,1541822968,100,10.55,119.99,28.63,9.88
severo-kurilsk,68,RU,1541822687,98,50.68,156.12,3.58,1.73
bulancak,8,TR,1541822969,100,40.94,38.23,4.58,1.13
dolores,24,UY,1541822969,72,-33.53,-58.22,24.48,5.51
kodiak,1,US,1541818380,76,39.95,-94.76,-8.3,3.1
verkh-usugli,8,RU,1541822658,76,52.7,115.17,-9.78,1.46
kozelsk,88,RU,1541822970,95,54.04,35.77,-1.55,1.38
otavi,8,NA,1541822970,28,-19.64,17.34,17.18,4.31
khandbari,92,NP,1541822970,83,27.38,87.21,1.33,0.31
leh,80,IN,1541822970,86,34.16,77.58,-16.5,0.11
aksarka,68,RU,1541822971,84,66.56,67.8,-10.5,6.76
north bend,1,US,1541818560,83,43.41,-124.22,9.4,1.5
salalah,20,OM,1541818200,83,17.01,54.1,25.0,1.5
villalba,20,PR,1541822160,84,18.13,-66.49,26.7,2.91
sepolno krajenskie,90,PL,1541820600,100,53.45,17.53,9.0,1.5
dogbo,0,CM,1541822972,94,4.43,14.33,19.25,1.38
pierre,1,US,1541821980,76,44.37,-100.35,-11.1,6.7
onufriyivka,12,UA,1541822972,79,48.91,33.45,-6.48,1.71
toktogul,48,KG,1541822973,83,41.87,72.95,-13.0,0.46
cordoba,64,CO,1541822765,99,5.59,-73.79,12.45,0.98
wairoa,92,NZ,1541822973,100,-39.04,177.43,13.33,4.61
luganville,12,VU,1541822973,97,-15.51,167.18,27.5,5.18
malanje,92,AO,1541822974,100,-9.54,16.35,17.5,1.16
sao joao da barra,92,BR,1541822641,100,-21.64,-41.05,22.53,6.31
asind,0,IN,1541822974,51,25.73,74.33,17.28,1.33
manuk mangkaw,68,PH,1541822974,95,4.8,119.85,30.45,2.23
nanakuli,75,US,1541820960,88,21.39,-158.15,27.8,2.1
bria,8,CF,1541822975,80,6.54,21.99,16.38,1.26
tutoia,0,BR,1541822975,74,-2.76,-42.27,27.48,8.68
ibra,0,OM,1541822975,94,22.69,58.55,17.78,0.58
antofagasta,90,CL,1541818800,77,-23.65,-70.4,17.0,2.1
dunmore,90,US,1541821980,100,41.42,-75.63,5.6,2.1
west plains,40,US,1541818380,60,36.73,-91.85,0.0,3.6
victoria,75,BN,1541820600,74,5.28,115.24,31.0,1.5
adeje,12,NG,1541822977,96,5.68,5.76,23.7,1.91
sukabumi,92,ID,1541822977,95,-6.92,106.93,25.18,2.26
ushtobe,88,KZ,1541822977,72,45.25,77.98,1.63,3.18
koslan,64,RU,1541822978,81,63.46,48.9,-9.15,1.51
mehamn,44,NO,1541822768,90,71.03,27.85,0.93,7.46
aitape,8,PG,1541822978,99,-3.15,142.36,28.2,2.36
chumphon,90,TH,1541818800,94,10.5,99.18,25.0,4.1
puerto ayacucho,80,CO,1541822979,100,5.66,-67.63,22.33,1.13
aguimes,75,ES,1541820600,72,27.91,-15.45,20.0,5.1
hualmay,36,PE,1541822979,99,-11.1,-77.61,15.38,2.16
biltine,0,TD,1541822980,41,14.53,20.93,14.0,3.13
khasan,0,RU,1541822980,100,42.43,130.64,8.03,6.53
dryden,1,CA,1541818800,84,49.79,-92.84,-14.0,2.6
micheweni,56,TZ,1541822980,100,-4.97,39.83,25.95,4.76
chengde,0,CN,1541822875,35,40.97,117.93,5.98,1.61
vila velha,20,BR,1541818800,78,-3.71,-38.6,27.0,8.2
kalispell,90,US,1541821320,88,48.2,-114.32,-1.1,1.71
lloret de mar,20,ES,1541820600,100,41.7,2.85,10.0,2.81
neuquen,75,AR,1541818800,48,-38.95,-68.06,19.0,4.1
los llanos de aridane,90,ES,1541820600,64,28.66,-17.92,20.0,3.6
kroya,56,ID,1541822982,87,-6.5,108.06,29.1,1.61
mahon,20,IE,1541820600,100,51.89,-8.4,5.0,3.1
tlacotepec,40,MX,1541821680,66,18.96,-99.93,13.0,4.1
mayumba,64,GA,1541822772,100,-3.44,10.65,23.43,2.16
daru,8,SL,1541822983,98,7.99,-10.85,21.75,1.26
saryagash,76,KZ,1541820600,80,41.45,69.17,5.0,2.1
ambovombe,76,MG,1541822984,83,-25.18,46.09,20.98,4.58
te anau,56,NZ,1541822746,73,-45.41,167.72,10.63,1.68
wonthaggi,0,AU,1541822984,68,-38.6,145.59,17.25,1.81
ryki,24,PL,1541822985,88,51.63,21.94,2.93,1.28
lowestoft,92,GB,1541820000,100,52.48,1.75,11.0,7.2
gurgentepe,8,TR,1541822985,91,40.79,37.6,4.13,0.98
xuddur,44,SO,1541822985,95,4.12,43.89,20.5,2.01
port lincoln,0,AU,1541822737,68,-34.72,135.86,21.2,1.56
skuodas,90,LV,1541821800,100,56.27,21.52,7.0,1.0
amuntai,64,ID,1541822986,88,-2.42,115.25,27.45,1.33
alofi,76,NU,1541818800,78,-19.06,-169.92,28.0,2.1
bartica,0,GY,1541822400,100,6.41,-58.62,24.0,2.1
anchorage,75,US,1541819460,100,61.22,-149.89,1.7,4.6
knyaze-volkonskoye,90,RU,1541820600,86,48.46,135.46,3.0,2.0
north branch,1,US,1541822100,68,45.51,-92.98,-7.7,3.6
santo tomas,0,PH,1541822988,67,15.88,120.59,30.93,3.91
yongchang,0,CN,1541822988,57,38.06,102.59,2.33,1.81
brae,92,GB,1541820000,87,60.4,-1.35,10.0,13.9
tocopilla,36,CL,1541822989,100,-22.09,-70.2,14.2,1.23
skagen,92,SE,1541820000,100,58.6,13.44,8.0,4.1
lewistown,1,US,1541820900,69,40.39,-90.15,-5.0,8.7
skibbereen,20,IE,1541820600,100,51.55,-9.27,5.0,3.1
san nicolas,100,HN,1541822990,77,14.94,-88.33,22.93,1.03
vannes,90,FR,1541820600,93,47.66,-2.76,14.0,5.1
laguna,0,MX,1541822131,70,27.52,-110.01,18.53,1.06
cam ranh,68,VN,1541822991,94,11.92,109.15,26.13,5.21
pokhara,68,NP,1541822725,86,28.21,83.99,12.03,1.03
srandakan,92,ID,1541822992,92,-7.94,110.25,26.98,1.91
shrewsbury,32,GB,1541820000,93,52.71,-2.75,9.0,1.0
ust-omchug,0,RU,1541822992,67,61.13,149.63,-26.88,1.33
yantai,0,CN,1541822992,100,37.53,121.39,11.85,4.51
sapouy,0,BF,1541822993,53,11.55,-1.77,20.7,1.51
olinda,75,EC,1541822400,78,-2.03,-79.75,23.0,4.1
nampula,20,MZ,1541818800,88,-15.12,39.26,18.0,4.1
mukhen,76,RU,1541822993,66,48.19,136.14,4.0,3.46
belle fourche,20,US,1541822100,79,44.67,-103.85,-1.0,1.51
andra,44,RU,1541822994,94,62.52,65.89,-13.8,5.43
eyemouth,88,GB,1541818200,87,55.87,-2.09,10.0,6.2
itoman,75,JP,1541822400,61,26.12,127.67,26.5,4.6
saint-francois,0,FR,1541820600,71,46.42,3.91,14.0,4.1
sur,0,OM,1541822670,99,22.57,59.53,25.85,0.68
erenhot,80,CN,1541822995,64,43.65,111.97,-0.25,5.16
the pas,75,CA,1541818800,72,53.82,-101.24,-12.0,6.2
bad langensalza,0,DE,1541820000,81,51.11,10.65,8.0,3.1
luena,88,AO,1541822690,96,-11.78,19.91,15.95,0.93
vardo,75,US,1541821200,88,39.62,-77.74,7.0,2.1
sayyan,8,YE,1541822996,95,15.17,44.32,6.28,0.38
kieta,92,PG,1541822675,100,-6.22,155.63,25.88,1.26
klaksvik,92,FO,1541820000,87,62.23,-6.59,9.0,21.6
patiya,0,BD,1541818800,69,22.3,91.98,25.0,2.56
labuhan,56,ID,1541822998,85,-2.54,115.51,27.93,1.28
kaeo,8,NZ,1541822998,54,-35.1,173.78,20.08,4.71
nantucket,90,US,1541821200,96,41.28,-70.1,11.7,8.2
vikhorevka,75,RU,1541820600,51,56.12,101.17,-10.0,5.0
bitung,40,ID,1541820600,74,1.44,125.19,29.0,4.1
puerto escondido,12,MX,1541822999,100,15.86,-97.07,28.95,2.41
fare,0,PF,1541822999,98,-16.7,-151.02,27.1,8.98
san luis potosi,40,MX,1541821200,77,22.15,-100.98,16.0,6.2
morgan city,90,US,1541820900,88,29.7,-91.21,10.8,7.2
deniliquin,0,AU,1541822979,44,-35.53,144.96,23.75,2.63
grand gaube,40,MU,1541818800,78,-20.01,57.66,25.0,5.1
zgierz,20,PL,1541820600,100,51.86,19.41,5.0,1.5
coahuayana,0,MX,1541823001,79,18.62,-100.35,18.93,0.83
salina,1,US,1541820900,68,36.29,-95.15,-2.0,2.6
awbari,80,LY,1541823002,47,26.59,12.77,13.68,2.68
finschhafen,100,PG,1541823002,95,-6.6,147.85,24.48,1.23
champerico,75,MX,1541817900,73,16.38,-93.6,25.0,5.1
lere,0,TD,1541823002,33,9.66,14.23,18.03,3.81
mamakan,0,RU,1541823003,70,57.82,114.02,-17.83,1.11
kamenka,88,RU,1541822135,95,53.19,44.05,-1.13,2.63
mandalgovi,0,MN,1541823003,63,45.76,106.27,-2.58,3.71
svetlogorsk,90,RU,1541820600,78,53.14,59.15,-11.0,2.0
ndago,12,UG,1541823004,100,-0.97,29.98,10.43,1.11
xinyu,92,CN,1541823004,88,27.8,114.93,13.85,2.13
belomorsk,80,RU,1541823004,100,64.52,34.76,0.35,3.61
pangai,75,TO,1541818800,94,-19.8,-174.35,25.0,1.5
rio grande,0,BR,1541822100,84,-32.03,-52.1,21.98,6.91
buchanan,92,LR,1541823005,100,5.88,-10.05,25.73,2.28
cardenas,0,MX,1541823005,83,27.62,-110.24,18.63,2.73
krymsk,0,RU,1541820600,93,44.93,37.99,7.0,5.0
comodoro rivadavia,40,AR,1541818800,81,-45.87,-67.48,11.0,3.13
trincomalee,0,LK,1541823006,97,8.58,81.23,26.68,1.58
namatanai,64,PG,1541822671,100,-3.66,152.44,28.13,4.16
harper,90,US,1541821860,60,30.3,-99.24,10.6,4.1
clyde river,20,CA,1541818800,83,70.47,-68.59,-23.0,1.0
kumluca,0,TR,1541823007,83,36.37,30.29,-0.15,0.66
ler,0,NO,1541818200,86,63.2,10.3,7.0,6.7
christchurch,32,NZ,1541820600,62,-43.53,172.64,14.0,6.2
raudeberg,12,NO,1541820000,53,61.99,5.14,11.0,9.3
maumere,0,ID,1541823008,87,-8.63,122.22,31.45,1.66
naryan-mar,64,RU,1541823008,89,67.67,53.09,-14.03,3.86
ambulu,64,ID,1541823009,100,-8.35,113.61,27.1,2.28
mezen,0,RU,1541822774,80,65.85,44.24,-12.65,1.71
presidente dutra,64,BR,1541823009,63,-11.3,-41.99,24.13,4.96
allahganj,0,IN,1541823009,84,27.55,79.69,19.58,1.91
sidi ali,32,DZ,1541823010,92,36.1,0.42,8.13,2.16
richards bay,0,ZA,1541823010,98,-28.77,32.06,13.85,2.33
ternate,90,PH,1541822400,52,14.29,120.72,31.0,6.7
markova,0,RU,1541820600,69,52.21,104.21,0.0,2.0
pangnirtung,36,CA,1541822715,92,66.15,-65.72,-11.03,1.21
athabasca,80,CA,1541823011,88,54.72,-113.29,-0.3,6.01
rudsar,75,IR,1541820600,93,37.14,50.29,13.0,0.71
hirara,75,JP,1541818800,78,24.8,125.28,27.0,5.1
kinablangan,8,PH,1541823012,100,7.69,126.55,28.13,3.16
san pedro,48,AR,1541823013,58,-33.68,-59.66,25.35,4.96
mogocha,0,RU,1541823014,72,53.73,119.76,-10.78,1.58
takoradi,0,GH,1541823014,100,4.89,-1.75,26.23,2.36
amga,0,RU,1541823014,66,60.89,131.98,-16.4,1.73
lasa,20,CY,1541820600,66,34.92,32.53,20.0,2.6
keetmanshoop,0,NA,1541818800,13,-26.57,18.15,21.0,3.1
anadyr,90,RU,1541820600,92,64.73,177.51,-3.0,12.0
chernyshevskiy,88,RU,1541823015,79,63.01,112.47,-0.38,4.53
abha,0,SA,1541818800,66,18.22,42.5,13.0,0.38
jinchang,0,CN,1541822847,73,38.52,102.19,0.23,1.78
coffs harbour,40,AU,1541820600,60,-30.3,153.13,23.0,9.3
port augusta,0,AU,1541818800,27,-32.49,137.76,24.0,4.1
xuanhua,76,CN,1541823016,40,40.61,115.04,2.25,1.23
dongying,0,CN,1541822932,55,37.43,118.67,14.78,2.16
gat,32,SN,1541823017,57,14.69,-16.54,24.28,1.21
koumac,32,NC,1541823017,62,-20.56,164.28,27.68,3.16
homer,1,US,1541818380,67,59.64,-151.54,4.4,1.5
ewa beach,75,US,1541820960,88,21.32,-158.01,27.8,2.1
lorengau,0,PG,1541822669,98,-2.02,147.27,29.63,3.46
kedrovyy,20,RU,1541820600,64,56.17,91.82,-18.0,6.0
quatre cocos,40,MU,1541818800,78,-20.21,57.76,25.0,5.1
nefteyugansk,20,RU,1541820600,76,61.09,72.61,-20.0,5.0
kondinskoye,24,RU,1541823019,96,59.65,67.41,-15.03,2.73
constitucion,40,MX,1541817720,33,23.99,-104.67,17.0,2.6
hitachi,75,JP,1541818800,73,36.6,140.65,21.0,4.1
marsabit,32,KE,1541823019,97,2.34,37.99,19.58,1.38
kiruna,92,SE,1541820000,100,67.86,20.23,0.0,1.5
riyadh,40,SA,1541822400,93,24.63,46.72,17.0,2.1
macedo de cavaleiros,92,PT,1541823020,96,41.54,-6.96,12.83,5.53
maroantsetra,92,MG,1541823020,100,-15.43,49.74,21.85,1.81
oshakati,8,NA,1541823021,30,-17.78,15.7,16.85,1.96
batagay-alyta,0,RU,1541822643,31,67.8,130.41,-30.53,1.26
adre,0,TD,1541823021,24,13.47,22.2,14.03,4.43
faya,0,SA,1541818800,66,18.39,42.45,13.0,1.93
makubetsu,75,JP,1541818800,93,42.84,143.34,12.0,1.5
palmeirais,56,BR,1541823022,65,-5.97,-43.06,26.53,1.78
ngaoundere,0,CM,1541823022,61,7.32,13.58,15.78,2.73
the valley,20,AI,1541818800,83,18.22,-63.06,27.0,2.6
